Title,Summary,Description
"Improve Mobile Navigation",as,er
"Enhance Checkout Process",eg,asd
"Streamline Onboarding Experience",asd,qwer
"Optimize Search Functionality",,
"Increase Accessibility Compliance",,
"Redesign User Dashboard",,
"Improve Page Load Times",,
"Enhance Error Messaging",,
"Simplify Registration Process",,
"Create Consistent UI Components",,
"Incorporate User Feedback",,
"Improve Multi-Language Support",,
"Add Personalized Recommendations",,
"Optimize for Voice Commands",,
"Enhance Visual Hierarchy",,